역명,미세먼지,이산화탄소,폼알데하이드,일산화탄소,총 승객수
서울,82.6,522,6.5,0.9,194273.0
시청,96.3,691,5.5,0.9,113670.0
종각,93.0,515,6.9,1.0,124961.0
동대문,89.2,565,9.3,1.1,77584.0
동묘앞,77.5,560,10.1,1.2,38380.0
신설동,92.0,574,7.9,1.0,45600.0
제기동,98.0,528,9.7,0.9,43699.0
청량리,84.9,518,11.4,1.4,96804.0
시청,85.9,697,9.7,1.0,113670.0
을지로입구,84.1,617,9.2,1.1,121523.0
동대문역사문화공원,77.6,525,8.7,1.4,94342.0
신당,84.0,581,7.1,1.6,46185.0
상왕십리,99.6,501,9.9,1.7,28121.0
왕십리,66.1,536,12.2,1.2,86156.0
잠실,79.3,707,16.4,1.2,238075.0
잠실새내,84.4,512,12.4,1.3,54556.0
종합운동장,77.3,462,4.9,0.9,24902.0
삼성,74.3,600,7.3,1.2,159643.0
선릉,87.1,729,8.5,1.2,124246.0
역삼,87.8,589,8.7,1.5,88327.0
강남,86.7,783,17.2,1.5,203667.0
교대,93.8,660,10.0,1.6,89374.0
서초,87.2,510,7.3,1.0,47451.0
방배,78.7,508,8.4,1.3,33629.0
사당,92.0,588,8.0,1.1,132652.0
낙성대,85.6,532,10.9,1.0,56860.0
서울대입구,72.6,478,9.5,0.9,105795.0
봉천,85.0,489,10.0,1.0,47595.0
신림,86.0,537,3.4,1.0,141525.0
신도림,78.7,498,3.2,0.7,125209.0
문래,87.7,471,2.2,0.9,40128.0
도림천,84.5,456,2.7,0.9,2150.0
양천구청,75.7,405,5.4,0.8,13455.0
신정네거리,80.0,489,5.3,1.0,19014.0
영등포구청,87.7,484,3.8,0.9,51609.0
합정,79.0,560,6.6,0.9,102172.0
홍대입구,86.3,839,13.7,1.1,229901.0
신촌,84.9,522,7.4,1.1,106476.0
이대,83.0,466,6.7,1.1,42060.0
아현,84.3,492,6.7,1.3,20382.0
충정로,86.0,461,4.8,1.0,30482.0
신설동,95.7,396,1.7,1.0,45600.0
용두,87.1,839,0.0,1.1,5118.0
구파발,90.8,452,7.3,0.6,39622.0
연신내,87.9,546,11.8,0.6,85974.0
불광,77.6,523,6.8,0.6,51856.0
녹번,89.4,442,7.5,0.6,24565.0
홍제,92.9,482,10.7,0.6,37402.0
무악재,91.1,423,11.0,0.5,7753.0
독립문,89.6,461,13.7,0.7,15041.0
경복궁,87.6,498,15.0,0.6,48317.0
안국,79.6,574,11.8,0.6,45718.0
오금,80.6,508,6.7,0.6,18194.0
경찰병원,75.0,458,8.9,0.6,15134.0
가락시장,76.9,444,6.3,0.4,36748.0
수서,83.6,626,3.3,0.6,61808.0
일원,90.4,412,6.9,0.5,18858.0
대청,77.7,396,10.9,0.4,18636.0
학여울,82.2,396,8.9,0.6,3228.0
대치,81.0,427,7.3,0.4,24914.0
도곡,108.0,471,7.6,0.4,23077.0
매봉,86.4,422,6.7,0.5,20523.0
양재,78.9,485,4.5,0.9,74210.0
남부터미널,63.1,465,4.7,0.6,66890.0
교대,76.8,705,10.7,0.9,89374.0
고속터미널,89.9,724,10.4,0.9,201646.0
잠원,65.9,398,5.5,0.6,12181.0
신사,80.5,525,7.2,0.8,73016.0
압구정,69.5,534,7.0,0.8,71915.0
금호,72.6,436,8.6,0.6,16913.0
약수,78.2,506,9.8,0.8,35596.0
동대입구,78.2,436,11.8,0.8,25211.0
충무로,86.3,459,10.5,1.1,66054.0
쌍문,85.1,522,6.1,0.8,63168.0
수유,77.7,481,5.2,0.6,81545.0
미아,83.4,417,7.4,0.6,34117.0
미아사거리,83.1,563,25.9,0.7,61976.0
길음,81.0,467,28.1,0.6,42419.0
성신여대입구,71.8,516,5.5,0.6,57186.0
한성대입구,76.7,460,13.1,0.6,28963.0
혜화,88.8,586,6.8,0.6,88496.0
동대문역사문화공원,94.7,523,21.9,0.5,94342.0
동대문,93.2,429,16.0,0.6,77584.0
충무로,86.6,533,22.8,0.6,66054.0
명동,94.8,658,15.2,1.0,100234.0
회현,89.4,433,15.5,0.9,58180.0
서울,101.7,540,14.7,1.0,194273.0
숙대입구,92.5,432,12.0,0.9,31204.0
삼각지,86.0,488,7.8,1.0,20786.0
신용산,83.7,432,10.0,1.3,33391.0
이촌,84.2,429,8.9,0.9,30960.0
총신대입구,96.8,547,9.2,1.1,45800.0
사당,89.9,585,9.8,1.0,132652.0
남태령,91.4,448,4.9,0.8,2568.0
방화,69.5,525,7.7,1.0,14318.0
개화산,60.2,528,8.2,1.2,11530.0
김포공항,78.5,576,9.6,1.3,55279.0
송정,65.0,518,6.2,1.4,17964.0
마곡,76.4,506,9.3,1.2,11604.0
발산,85.3,522,6.1,1.3,31555.0
우장산,76.3,533,8.1,0.9,30343.0
화곡,70.3,499,7.2,1.1,58688.0
까치산,69.1,552,7.0,1.3,60327.0
신정,68.9,534,5.9,1.3,25697.0
목동,63.9,504,5.3,1.1,37278.0
오목교,66.9,625,7.0,1.3,53093.0
양평,69.2,481,4.9,1.1,19939.0
영등포구청,74.8,622,6.2,1.5,51609.0
영등포시장,73.1,536,5.7,1.4,20274.0
신길,82.9,660,6.9,1.3,24109.0
여의도,73.7,876,8.3,1.4,88536.0
여의나루,66.7,485,5.5,1.3,14100.0
마포,72.7,540,6.1,1.4,27402.0
공덕,84.1,670,6.3,1.5,76183.0
애오개,83.1,589,5.0,1.7,14337.0
충정로,70.3,504,4.6,1.1,30482.0
서대문,76.9,543,5.0,1.3,37330.0
광화문,80.4,662,12.0,1.6,84053.0
동대문역사문화공원,95.1,543,9.1,1.5,94342.0
청구,74.6,593,12.3,1.6,14680.0
신금호,65.0,581,10.5,1.9,12942.0
행당,75.1,601,9.4,1.9,15938.0
왕십리,84.6,669,10.1,1.8,86156.0
마장,66.0,572,8.6,1.3,13076.0
답십리,68.4,548,5.4,1.5,32106.0
장한평,85.5,550,4.2,1.7,36003.0
군자,84.1,695,6.4,2.1,49825.0
아차산,61.8,585,5.6,2.0,28696.0
광나루,71.4,606,4.2,2.0,25159.0
천호,79.0,556,5.9,1.6,85280.0
강동,89.5,565,4.4,1.8,35788.0
길동,67.6,583,6.4,2.3,16360.0
굽은다리,77.4,555,6.8,2.6,19303.0
명일,70.6,573,6.8,2.6,16311.0
고덕,78.9,533,4.3,1.9,18900.0
상일동,69.4,562,3.9,1.9,20368.0
둔촌동,88.4,519,5.8,2.1,18397.0
올림픽공원,82.1,492,7.8,2.3,28855.0
방이,57.9,507,6.7,2.4,14118.0
오금,85.8,577,7.7,2.5,18194.0
개롱,83.6,511,3.6,2.3,13132.0
거여,80.4,514,3.5,2.4,14316.0
마천,60.5,473,2.8,2.3,10415.0
응암,63.4,640,5.2,1.6,36180.0
역촌,61.9,539,3.0,1.4,8658.0
불광,86.7,603,2.7,1.0,51856.0
독바위,64.0,506,1.5,1.2,5715.0
연신내,82.5,649,2.6,1.5,85974.0
구산,67.0,613,1.1,1.4,13909.0
새절,70.3,612,3.6,1.0,25406.0
증산,57.9,562,2.1,0.9,20403.0
디지털미디어시티,90.1,513,2.0,0.9,52550.0
월드컵경기장,66.5,520,0.4,1.0,12636.0
마포구청,78.7,683,2.1,1.5,27116.0
망원,75.2,630,2.2,1.7,29259.0
합정,87.4,656,6.2,1.1,102172.0
상수,78.8,586,1.8,1.3,23745.0
광흥창,93.0,571,1.1,1.1,18431.0
대흥,89.8,594,3.3,1.5,16389.0
공덕,92.0,656,4.4,1.5,76183.0
효창공원앞,60.5,570,4.8,1.6,18271.0
삼각지,89.6,648,2.4,1.3,20786.0
녹사평,69.4,492,0.6,0.9,12970.0
이태원,78.9,639,3.4,1.7,51632.0
한강진,84.8,557,1.9,1.1,15660.0
버티고개,66.8,494,0.9,1.3,4520.0
약수,78.2,627,2.7,1.5,35596.0
청구,78.4,580,2.0,1.6,14680.0
신당,89.8,574,2.3,1.5,46185.0
동묘앞,78.7,575,9.5,1.6,38380.0
창신,91.2,524,8.7,2.3,6500.0
보문,92.4,668,6.9,1.8,17250.0
안암,81.7,615,12.6,1.6,26496.0
고려대,59.6,579,10.5,1.7,18544.0
월곡,71.4,541,11.3,1.2,23993.0
상월곡,78.0,512,7.5,1.8,10775.0
돌곶이,86.5,571,10.6,1.9,15996.0
석계,85.3,717,11.5,1.6,46138.0
태릉입구,92.3,550,7.5,1.2,26663.0
화랑대,76.3,529,7.7,1.0,21017.0
봉화산,71.8,520,8.8,1.3,18982.0
수락산,84.6,543,8.6,1.1,26759.0
마들,81.9,532,7.4,0.9,23405.0
노원,82.6,662,11.7,1.5,101475.0
중계,78.2,558,9.5,1.3,28847.0
하계,77.1,699,9.8,1.6,37750.0
공릉,86.3,629,7.9,1.0,24105.0
태릉입구,86.0,573,11.8,1.0,26663.0
먹골,81.7,548,9.8,1.2,21162.0
중화,76.3,552,9.5,1.4,22899.0
상봉,85.0,675,9.3,1.8,46701.0
면목,90.1,616,8.4,1.2,30356.0
사가정,93.2,550,9.1,1.0,32219.0
용마산,79.8,565,9.8,1.2,11893.0
중곡,86.0,512,10.1,1.3,19604.0
군자,84.0,689,13.0,1.4,49825.0
어린이대공원,77.1,627,10.3,1.6,25450.0
건대입구,76.3,669,11.7,1.4,137453.0
청담,79.2,660,15.3,1.5,39900.0
강남구청,80.7,636,13.0,1.7,45180.0
학동,80.5,603,18.1,1.5,37385.0
논현,81.3,693,10.6,1.4,37126.0
반포,84.0,619,9.5,1.2,12448.0
고속터미널,86.8,677,8.6,1.0,201646.0
내방,90.0,639,6.1,1.5,26717.0
남성,78.0,537,3.4,1.3,21987.0
숭실대입구,82.1,627,6.8,1.1,25146.0
상도,79.4,595,6.0,1.1,20120.0
장승배기,76.6,572,6.1,1.0,21954.0
신대방삼거리,80.7,608,8.0,1.2,32449.0
보라매,85.7,562,6.2,1.3,17284.0
신풍,80.8,664,7.7,1.3,21450.0
대림,94.4,713,7.7,1.1,84924.0
남구로,90.4,628,11.0,1.2,32998.0
가산디지털단지,86.2,608,14.2,1.4,100628.0
철산,84.6,537,14.8,1.5,47812.0
광명사거리,87.7,571,6.7,1.6,53885.0
천왕,81.4,552,4.1,1.0,16995.0
온수,76.8,547,7.7,1.1,31768.0
암사,83.9,576,2.9,1.5,35383.0
천호,86.2,598,3.2,1.4,85280.0
강동구청,84.7,529,2.4,1.7,21660.0
몽촌토성,79.1,496,5.2,1.3,12036.0
잠실,81.5,755,10.2,1.4,238075.0
석촌,80.6,609,5.1,0.9,26828.0
송파,91.6,562,4.6,1.9,11582.0
가락시장,81.0,535,5.7,1.6,36748.0
문정,86.9,583,4.8,1.9,31904.0
장지,82.6,523,7.3,1.6,38468.0
복정,88.8,594,5.4,1.3,19891.0
산성,88.0,495,5.5,1.0,10709.0
남한산성입구,79.5,581,4.4,2.0,25294.0
단대오거리,76.4,564,3.5,1.5,21394.0
신흥,75.7,520,15.1,1.4,10198.0
수진,80.1,556,15.3,1.1,11066.0
모란,85.8,517,4.6,1.1,52597.0
종합운동장,86.6,500,3.3,0.4,24902.0
